{"cameraMode":{"drawMode":0,"name":"Shaded","section":"Shading Mode"},"sceneLighting":false,"audioPlay":false,"sceneViewState":{"m_AlwaysRefresh":false,"showFog":true,"showSkybox":false,"showFlares":true,"showImageEffects":true,"showParticleSystems":true,"showVisualEffectGraphs":true,"m_FxEnabled":true},"in2DMode":false,"pivot":{"x":16.899999618530275,"y":0.7049503326416016,"z":1.1920928955078126e-7},"rotation":{"x":-0.00045524348388426006,"y":0.9863854050636292,"z":-0.16456028819084168,"w":-0.002657093806192279},"size":2.0349061489105226,"orthographic":false}