{"cameraMode":{"drawMode":0,"name":"Shaded","section":"Shading Mode"},"sceneLighting":false,"audioPlay":false,"sceneViewState":{"m_AlwaysRefresh":false,"showFog":true,"showSkybox":false,"showFlares":true,"showImageEffects":true,"showParticleSystems":true,"showVisualEffectGraphs":true,"m_FxEnabled":true},"in2DMode":false,"pivot":{"x":0.0000017881393432617188,"y":1.4133654832839966,"z":0.0016335844993591309},"rotation":{"x":0.0020741091575473549,"y":0.9978388547897339,"z":-0.05274462327361107,"w":0.03923612833023071},"size":2.2276062965393068,"orthographic":false}